{
  "ckpt": "experiments/exp02_neggrad/model_best.pth",
  "mia_train_self_accuracy": 0.8671917933687489,
  "retain": {
    "mean_m": 0.13014893384963785,
    "median_m": 0.1180965599931095,
    "p90_m": 0.23255894274711653,
    "n_samples": 6823
  },
  "forget": {
    "mean_m": 0.5553243772395136,
    "median_m": 0.44677434234311936,
    "p90_m": 1.1213065136080913,
    "n_samples": 4095
  },
  "test": {
    "mean_m": 0.4700470632535269,
    "median_m": 0.33420598165830434,
    "p90_m": 1.0532126674666138,
    "n_samples": 2728
  },
  "gmm_test_forget_rate": 0.5190615835777126,
  "gmm_component_means_m": [
    0.6098846825481403,
    0.16525578159810178
  ],
  "agreement_with_direct_classifier": 0.8284457478005866
}