{
  "mia_train_self_accuracy": 0.6556145814251695,
  "retain": {
    "mean_m": 0.10095275965075953,
    "median_m": 0.09670131101175802,
    "p90_m": 0.1676854966201028,
    "n_samples": 6823
  },
  "forget": {
    "mean_m": 0.12521661799198325,
    "median_m": 0.11711557012693521,
    "p90_m": 0.2161344712735622,
    "n_samples": 4095
  },
  "all_train": {
    "mean_m": 0.1100533733077765,
    "median_m": 0.10339026041880853,
    "p90_m": 0.18804823901137419,
    "n_samples": 10918
  },
  "test": {
    "mean_m": 0.31494228053038076,
    "median_m": 0.2539696420853613,
    "p90_m": 0.636042605846074,
    "n_samples": 2728
  }
}