{
  "ckpt": "experiments/exp08_activation_unlearning/diverge/model_best_none.pth",
  "mia_train_self_accuracy": 0.9532881480124565,
  "retain": {
    "mean_m": 0.07065199634695744,
    "median_m": 0.06313438994407336,
    "p90_m": 0.1249752212801058,
    "n_samples": 6823
  },
  "forget": {
    "mean_m": 0.8094586665145856,
    "median_m": 0.7475415967804234,
    "p90_m": 1.494578858859331,
    "n_samples": 4095
  },
  "test": {
    "mean_m": 0.5357498510244664,
    "median_m": 0.30812284192685796,
    "p90_m": 1.3380025193840104,
    "n_samples": 2728
  },
  "gmm_test_forget_rate": 0.43218475073313783,
  "gmm_component_means_m": [
    0.8293012364580905,
    0.14896914434531824
  ],
  "agreement_with_direct_classifier": 0.8515395894428153
}