{
  "ckpt_in": "/Users/michelebanfi/code/ESIT-2/data/baseline_cnn_task2.pth",
  "variant": "knn",
  "run_tag": "knn_b2",
  "select_on": "lr_pseudo_agreement",
  "config": {
    "seed": 42,
    "batch_size": 64,
    "probe_relu_idx": [
      2,
      6,
      10,
      14,
      18,
      21
    ],
    "fisher_batch_size": 64,
    "ssd_alphas": [
      1.0,
      2.0,
      5.0,
      10.0
    ],
    "ssd_lambdas": [
      0.1,
      0.5,
      1.0
    ],
    "ssd_exclude_bn": true,
    "ssd_exclude_head": false,
    "retain_err_guard_m": 0.25,
    "gmm_rate_range": [
      0.4,
      0.6
    ],
    "div_bn_idx": [
      13,
      17,
      20
    ],
    "anchor_relu_idx": [
      14,
      18,
      21
    ],
    "lr": 5e-05,
    "epochs": 12,
    "beta_anchor": 2.0,
    "gamma_diverge": 0.5,
    "gamma_warmup_epochs": 2,
    "cos_margin": 0.0,
    "norm_keep_weight": 0.1,
    "delta_forget_pos": 1.0,
    "k_neighbours": 10,
    "eval_every": 3
  },
  "best": {
    "self_mia": 0.8638028943029858,
    "retain_err_m": 0.15882970175173977,
    "forget_err_m": 0.7404263036925669,
    "lr_test_forget_rate": 0.499266862170088,
    "gmm_test_forget_rate": 0.5161290322580645,
    "lr_pseudo_agreement": 0.8401759530791789,
    "gmm_pseudo_agreement": 0.8379765395894428,
    "epoch": 12
  },
  "log": [
    {
      "epoch": 1,
      "gamma_t": 0.25,
      "pos_r": 0.02838098459022,
      "anc": 0.014565057182913968,
      "div": 0.9854507463717321,
      "norm": 0.0017774852393074192,
      "pos_f": 0.4779437139891742,
      "forget_norm_ratio": 1.0104114141380578
    },
    {
      "epoch": 2,
      "gamma_t": 0.5,
      "pos_r": 0.030549030876255524,
      "anc": 0.020554842830401415,
      "div": 0.9597749783281695,
      "norm": 0.005690794316942842,
      "pos_f": 0.33305084892706566,
      "forget_norm_ratio": 1.0377226554394698
    },
    {
      "epoch": 3,
      "gamma_t": 0.5,
      "pos_r": 0.029601089650906666,
      "anc": 0.019690822232623546,
      "div": 0.9305833693136248,
      "norm": 0.011350287050989113,
      "pos_f": 0.2887762237710562,
      "forget_norm_ratio": 1.0650955309644776,
      "self_mia": 0.798406301520425,
      "retain_err_m": 0.20899996577999458,
      "forget_err_m": 0.651855313138472,
      "lr_test_forget_rate": 0.46224340175953077,
      "gmm_test_forget_rate": 0.6066715542521994,
      "lr_pseudo_agreement": 0.7958211143695014,
      "gmm_pseudo_agreement": 0.751099706744868
    },
    {
      "epoch": 4,
      "gamma_t": 0.5,
      "pos_r": 0.029121163061531317,
      "anc": 0.01983946224140842,
      "div": 0.8991593415277046,
      "norm": 0.02343983810438573,
      "pos_f": 0.26088066006961624,
      "forget_norm_ratio": 1.0970820344214782
    },
    {
      "epoch": 5,
      "gamma_t": 0.5,
      "pos_r": 0.02703488796775104,
      "anc": 0.018865549239760252,
      "div": 0.8694984891958404,
      "norm": 0.041280618155298876,
      "pos_f": 0.24328637275605175,
      "forget_norm_ratio": 1.130329043544524
    },
    {
      "epoch": 6,
      "gamma_t": 0.5,
      "pos_r": 0.025537820451223013,
      "anc": 0.018770862185554196,
      "div": 0.8402663727252804,
      "norm": 0.06263861166890601,
      "pos_f": 0.2295391134787024,
      "forget_norm_ratio": 1.1629587686085097,
      "self_mia": 0.8303718629785675,
      "retain_err_m": 0.18919558094923838,
      "forget_err_m": 0.6715402100844775,
      "lr_test_forget_rate": 0.4739736070381232,
      "gmm_test_forget_rate": 0.5087976539589443,
      "lr_pseudo_agreement": 0.8112170087976539,
      "gmm_pseudo_agreement": 0.8108504398826979
    },
    {
      "epoch": 7,
      "gamma_t": 0.5,
      "pos_r": 0.024473090394677825,
      "anc": 0.018553917388818418,
      "div": 0.8124668465720283,
      "norm": 0.08663069609312983,
      "pos_f": 0.21766461414551874,
      "forget_norm_ratio": 1.1988894353833115
    },
    {
      "epoch": 8,
      "gamma_t": 0.5,
      "pos_r": 0.023435359581084978,
      "anc": 0.018775728863407993,
      "div": 0.7854115900240446,
      "norm": 0.11003710325175559,
      "pos_f": 0.20374103522265863,
      "forget_norm_ratio": 1.230539211985196
    },
    {
      "epoch": 9,
      "gamma_t": 0.5,
      "pos_r": 0.022089261730468414,
      "anc": 0.018550336584230963,
      "div": 0.7611135321053845,
      "norm": 0.12899660275519242,
      "pos_f": 0.19678851522026006,
      "forget_norm_ratio": 1.2578069461948922,
      "self_mia": 0.8460340721743909,
      "retain_err_m": 0.17986465170474786,
      "forget_err_m": 0.7207776339691105,
      "lr_test_forget_rate": 0.4783724340175953,
      "gmm_test_forget_rate": 0.5219941348973607,
      "lr_pseudo_agreement": 0.8258797653958945,
      "gmm_pseudo_agreement": 0.8174486803519062
    },
    {
      "epoch": 10,
      "gamma_t": 0.5,
      "pos_r": 0.022034533468908386,
      "anc": 0.01875195340171718,
      "div": 0.7381304227120695,
      "norm": 0.14693603472925768,
      "pos_f": 0.1882029153537332,
      "forget_norm_ratio": 1.2836388079976013
    },
    {
      "epoch": 11,
      "gamma_t": 0.5,
      "pos_r": 0.02090278655639169,
      "anc": 0.018462166865492426,
      "div": 0.7178023042734604,
      "norm": 0.16303696313448118,
      "pos_f": 0.18129696814637436,
      "forget_norm_ratio": 1.3059428412082368
    },
    {
      "epoch": 12,
      "gamma_t": 0.5,
      "pos_r": 0.020389785853960708,
      "anc": 0.018522117074513643,
      "div": 0.6991407885188945,
      "norm": 0.17925765121366546,
      "pos_f": 0.17529291411240897,
      "forget_norm_ratio": 1.3276685783040454,
      "self_mia": 0.8638028943029858,
      "retain_err_m": 0.15882970175173977,
      "forget_err_m": 0.7404263036925669,
      "lr_test_forget_rate": 0.499266862170088,
      "gmm_test_forget_rate": 0.5161290322580645,
      "lr_pseudo_agreement": 0.8401759530791789,
      "gmm_pseudo_agreement": 0.8379765395894428
    }
  ]
}