{
  "ckpt_in": "/Users/michelebanfi/code/ESIT-2/data/baseline_cnn_task2.pth",
  "variant": "knn",
  "run_tag": "knn_b3",
  "select_on": "lr_pseudo_agreement",
  "config": {
    "seed": 42,
    "batch_size": 64,
    "probe_relu_idx": [
      2,
      6,
      10,
      14,
      18,
      21
    ],
    "fisher_batch_size": 64,
    "ssd_alphas": [
      1.0,
      2.0,
      5.0,
      10.0
    ],
    "ssd_lambdas": [
      0.1,
      0.5,
      1.0
    ],
    "ssd_exclude_bn": true,
    "ssd_exclude_head": false,
    "retain_err_guard_m": 0.25,
    "gmm_rate_range": [
      0.4,
      0.6
    ],
    "div_bn_idx": [
      13,
      17,
      20
    ],
    "anchor_relu_idx": [
      14,
      18,
      21
    ],
    "lr": 5e-05,
    "epochs": 30,
    "beta_anchor": 3.0,
    "gamma_diverge": 0.5,
    "gamma_warmup_epochs": 2,
    "cos_margin": 0.0,
    "norm_keep_weight": 0.1,
    "delta_forget_pos": 1.0,
    "k_neighbours": 10,
    "eval_every": 3
  },
  "best": {
    "self_mia": 0.8809305733650852,
    "retain_err_m": 0.13866816049403918,
    "forget_err_m": 0.7691956085678263,
    "lr_test_forget_rate": 0.5186950146627566,
    "gmm_test_forget_rate": 0.5157624633431085,
    "lr_pseudo_agreement": 0.844208211143695,
    "gmm_pseudo_agreement": 0.842008797653959,
    "epoch": 24
  },
  "log": [
    {
      "epoch": 1,
      "gamma_t": 0.25,
      "pos_r": 0.027177850909160767,
      "anc": 0.01018561146602277,
      "div": 0.9888857470618354,
      "norm": 0.001330747150912866,
      "pos_f": 0.4883586819234647,
      "forget_norm_ratio": 1.006945139251025
    },
    {
      "epoch": 2,
      "gamma_t": 0.5,
      "pos_r": 0.02940245035338646,
      "anc": 0.013825669966376665,
      "div": 0.96602975171909,
      "norm": 0.00458624771978619,
      "pos_f": 0.34518296663698395,
      "forget_norm_ratio": 1.0324328624249435
    },
    {
      "epoch": 3,
      "gamma_t": 0.5,
      "pos_r": 0.02884734607143709,
      "anc": 0.01324542958768662,
      "div": 0.9372516040913543,
      "norm": 0.010164394184990584,
      "pos_f": 0.29913091907898587,
      "forget_norm_ratio": 1.0595849158703468,
      "self_mia": 0.7954753617878733,
      "retain_err_m": 0.20747105070091104,
      "forget_err_m": 0.639166138232087,
      "lr_test_forget_rate": 0.46224340175953077,
      "gmm_test_forget_rate": 0.6103372434017595,
      "lr_pseudo_agreement": 0.7972873900293255,
      "gmm_pseudo_agreement": 0.7518328445747801
    },
    {
      "epoch": 4,
      "gamma_t": 0.5,
      "pos_r": 0.0285398506978799,
      "anc": 0.01334845142885607,
      "div": 0.9067066670858372,
      "norm": 0.022355558666569447,
      "pos_f": 0.2703502641348114,
      "forget_norm_ratio": 1.0921078437020673
    },
    {
      "epoch": 5,
      "gamma_t": 0.5,
      "pos_r": 0.02654366388546619,
      "anc": 0.012674519193102743,
      "div": 0.8784740549779078,
      "norm": 0.040365539861527105,
      "pos_f": 0.25228271877382236,
      "forget_norm_ratio": 1.1246277230989632
    },
    {
      "epoch": 6,
      "gamma_t": 0.5,
      "pos_r": 0.025142198276014355,
      "anc": 0.01257674708657446,
      "div": 0.8522987567890458,
      "norm": 0.06169348069581024,
      "pos_f": 0.23820444462243576,
      "forget_norm_ratio": 1.1553053932580335,
      "self_mia": 0.8272577395127313,
      "retain_err_m": 0.1880566613213853,
      "forget_err_m": 0.6630375649983016,
      "lr_test_forget_rate": 0.4747067448680352,
      "gmm_test_forget_rate": 0.5175953079178885,
      "lr_pseudo_agreement": 0.8104838709677419,
      "gmm_pseudo_agreement": 0.8093841642228738
    },
    {
      "epoch": 7,
      "gamma_t": 0.5,
      "pos_r": 0.024055914016582115,
      "anc": 0.0124375177438409,
      "div": 0.828710497122759,
      "norm": 0.08472413652473026,
      "pos_f": 0.2259322991758062,
      "forget_norm_ratio": 1.187135599974768
    },
    {
      "epoch": 8,
      "gamma_t": 0.5,
      "pos_r": 0.023057087673124862,
      "anc": 0.01262778274671376,
      "div": 0.8063165838258308,
      "norm": 0.10669055999371044,
      "pos_f": 0.21137223750004294,
      "forget_norm_ratio": 1.2146365398551986
    },
    {
      "epoch": 9,
      "gamma_t": 0.5,
      "pos_r": 0.021746392312802766,
      "anc": 0.012462014713656832,
      "div": 0.7860444209031892,
      "norm": 0.12350941235907593,
      "pos_f": 0.2041310169543439,
      "forget_norm_ratio": 1.2383456539224695,
      "self_mia": 0.8431031324418392,
      "retain_err_m": 0.1798613019876578,
      "forget_err_m": 0.709659357535374,
      "lr_test_forget_rate": 0.48240469208211145,
      "gmm_test_forget_rate": 0.5256598240469208,
      "lr_pseudo_agreement": 0.8269794721407625,
      "gmm_pseudo_agreement": 0.8137829912023461
    },
    {
      "epoch": 10,
      "gamma_t": 0.5,
      "pos_r": 0.02170761256908987,
      "anc": 0.012661441752131571,
      "div": 0.7658314293588114,
      "norm": 0.13843712859857848,
      "pos_f": 0.19496106443523664,
      "forget_norm_ratio": 1.2613977549368875
    },
    {
      "epoch": 11,
      "gamma_t": 0.5,
      "pos_r": 0.02058429579245068,
      "anc": 0.01243657137850049,
      "div": 0.7476703381677817,
      "norm": 0.15114378018511665,
      "pos_f": 0.18791789243444365,
      "forget_norm_ratio": 1.281528863990516
    },
    {
      "epoch": 12,
      "gamma_t": 0.5,
      "pos_r": 0.020087037676651227,
      "anc": 0.012533406536394393,
      "div": 0.730392589206584,
      "norm": 0.16380144773345245,
      "pos_f": 0.1816098002488153,
      "forget_norm_ratio": 1.3019787077782912,
      "self_mia": 0.8644440373694816,
      "retain_err_m": 0.157524165124459,
      "forget_err_m": 0.7327724421547783,
      "lr_test_forget_rate": 0.5047653958944281,
      "gmm_test_forget_rate": 0.5208944281524927,
      "lr_pseudo_agreement": 0.843475073313783,
      "gmm_pseudo_agreement": 0.8398093841642229
    },
    {
      "epoch": 13,
      "gamma_t": 0.5,
      "pos_r": 0.0198775099002217,
      "anc": 0.012449203227913519,
      "div": 0.7150720424122281,
      "norm": 0.17450778526172303,
      "pos_f": 0.1759347176691245,
      "forget_norm_ratio": 1.3183582468107198
    },
    {
      "epoch": 14,
      "gamma_t": 0.5,
      "pos_r": 0.019265890273957226,
      "anc": 0.01236023898753855,
      "div": 0.7012406040353385,
      "norm": 0.1849312453764921,
      "pos_f": 0.17009287741449144,
      "forget_norm_ratio": 1.3331714094730847
    },
    {
      "epoch": 15,
      "gamma_t": 0.5,
      "pos_r": 0.018672400747823437,
      "anc": 0.012231610045490558,
      "div": 0.6891615411691498,
      "norm": 0.19523135463745273,
      "pos_f": 0.1659246710570235,
      "forget_norm_ratio": 1.3463464060954415,
      "self_mia": 0.8605971789705075,
      "retain_err_m": 0.16151370550483116,
      "forget_err_m": 0.74339767377913,
      "lr_test_forget_rate": 0.49156891495601174,
      "gmm_test_forget_rate": 0.47910557184750735,
      "lr_pseudo_agreement": 0.8317448680351907,
      "gmm_pseudo_agreement": 0.8310117302052786
    },
    {
      "epoch": 16,
      "gamma_t": 0.5,
      "pos_r": 0.018276087351535495,
      "anc": 0.012248388894599432,
      "div": 0.6780598613253811,
      "norm": 0.2062862030072519,
      "pos_f": 0.16175298593197648,
      "forget_norm_ratio": 1.3592479252211067
    },
    {
      "epoch": 17,
      "gamma_t": 0.5,
      "pos_r": 0.018111324983469228,
      "anc": 0.012135770313485323,
      "div": 0.6689347701463085,
      "norm": 0.21432255905622627,
      "pos_f": 0.1580675153268708,
      "forget_norm_ratio": 1.3683096051913255
    },
    {
      "epoch": 18,
      "gamma_t": 0.5,
      "pos_r": 0.01765708001711738,
      "anc": 0.012197019532322884,
      "div": 0.6605376615161784,
      "norm": 0.2218466057763462,
      "pos_f": 0.15403415639585222,
      "forget_norm_ratio": 1.3761547736489517,
      "self_mia": 0.8737864077669902,
      "retain_err_m": 0.1510099663643272,
      "forget_err_m": 0.7661593811692371,