{
  "ckpt_in": "/Users/michelebanfi/code/ESIT-2/data/baseline_cnn_task2.pth",
  "variant": "knn",
  "run_tag": "knn_b1",
  "select_on": "lr_pseudo_agreement",
  "config": {
    "seed": 42,
    "batch_size": 64,
    "probe_relu_idx": [
      2,
      6,
      10,
      14,
      18,
      21
    ],
    "fisher_batch_size": 64,
    "ssd_alphas": [
      1.0,
      2.0,
      5.0,
      10.0
    ],
    "ssd_lambdas": [
      0.1,
      0.5,
      1.0
    ],
    "ssd_exclude_bn": true,
    "ssd_exclude_head": false,
    "retain_err_guard_m": 0.25,
    "gmm_rate_range": [
      0.4,
      0.6
    ],
    "div_bn_idx": [
      13,
      17,
      20
    ],
    "anchor_relu_idx": [
      14,
      18,
      21
    ],
    "lr": 5e-05,
    "epochs": 12,
    "beta_anchor": 1.0,
    "gamma_diverge": 0.5,
    "gamma_warmup_epochs": 2,
    "cos_margin": 0.0,
    "norm_keep_weight": 0.1,
    "delta_forget_pos": 1.0,
    "k_neighbours": 10,
    "eval_every": 3
  },
  "best": {
    "self_mia": 0.8636197105697014,
    "retain_err_m": 0.16410887848930789,
    "forget_err_m": 0.7488463386075883,
    "lr_test_forget_rate": 0.4871700879765396,
    "gmm_test_forget_rate": 0.5054985337243402,
    "lr_pseudo_agreement": 0.8332111436950147,
    "gmm_pseudo_agreement": 0.8346774193548387,
    "epoch": 12
  },
  "log": [
    {
      "epoch": 1,
      "gamma_t": 0.25,
      "pos_r": 0.030843347907393126,
      "anc": 0.02460686111802641,
      "div": 0.9781252783641481,
      "norm": 0.0029988567651753595,
      "pos_f": 0.4633991098717639,
      "forget_norm_ratio": 1.019771985491814
    },
    {
      "epoch": 2,
      "gamma_t": 0.5,
      "pos_r": 0.03309896219064269,
      "anc": 0.038793878183204525,
      "div": 0.9445047985043442,
      "norm": 0.009107418649704659,
      "pos_f": 0.316144119969934,
      "forget_norm_ratio": 1.0509149937601814
    },
    {
      "epoch": 3,
      "gamma_t": 0.5,
      "pos_r": 0.031686177379206606,
      "anc": 0.03864839627293118,
      "div": 0.9123042138696414,
      "norm": 0.014727280641312313,
      "pos_f": 0.2735501491622618,
      "forget_norm_ratio": 1.0783017639063488,
      "self_mia": 0.8036270379190328,
      "retain_err_m": 0.21466904207188817,
      "forget_err_m": 0.673649477672835,
      "lr_test_forget_rate": 0.45784457478005863,
      "gmm_test_forget_rate": 0.5905425219941349,
      "lr_pseudo_agreement": 0.7958211143695014,
      "gmm_pseudo_agreement": 0.7606304985337243
    },
    {
      "epoch": 4,
      "gamma_t": 0.5,
      "pos_r": 0.031148019018011133,
      "anc": 0.03996684249730138,
      "div": 0.8759991620716295,
      "norm": 0.026775898705971867,
      "pos_f": 0.24665778095436375,
      "forget_norm_ratio": 1.1112112488895365
    },
    {
      "epoch": 5,
      "gamma_t": 0.5,
      "pos_r": 0.02881531318246621,
      "anc": 0.039154972902864044,
      "div": 0.8399414109904864,
      "norm": 0.044165277940749426,
      "pos_f": 0.2299830921822124,
      "forget_norm_ratio": 1.1469589330067178
    },
    {
      "epoch": 6,
      "gamma_t": 0.5,
      "pos_r": 0.027228544891011296,
      "anc": 0.04017665923426026,
      "div": 0.8012821538406506,
      "norm": 0.06585300678921024,
      "pos_f": 0.2167254789182317,
      "forget_norm_ratio": 1.1849452861336007,
      "self_mia": 0.8348598644440374,
      "retain_err_m": 0.1949256262355073,
      "forget_err_m": 0.6901937495398677,
      "lr_test_forget_rate": 0.46737536656891493,
      "gmm_test_forget_rate": 0.500366568914956,
      "lr_pseudo_agreement": 0.8119501466275659,
      "gmm_pseudo_agreement": 0.8148826979472141
    },
    {
      "epoch": 7,
      "gamma_t": 0.5,
      "pos_r": 0.02609747399886449,
      "anc": 0.040390341951136007,
      "div": 0.7619790748545998,
      "norm": 0.0927057617850471,
      "pos_f": 0.2054738864215494,
      "forget_norm_ratio": 1.231409510906212
    },
    {
      "epoch": 8,
      "gamma_t": 0.5,
      "pos_r": 0.025028568403849826,
      "anc": 0.04141540448480879,
      "div": 0.7195373641120063,
      "norm": 0.12217277349435796,
      "pos_f": 0.19303100560492242,
      "forget_norm_ratio": 1.279067116406461
    },
    {
      "epoch": 9,
      "gamma_t": 0.5,
      "pos_r": 0.0235267900997958,
      "anc": 0.0409476205009466,
      "div": 0.6778920909814667,
      "norm": 0.15175733954934348,
      "pos_f": 0.1869120953375833,
      "forget_norm_ratio": 1.327067796017459,
      "self_mia": 0.850613665506503,
      "retain_err_m": 0.1841220227448688,
      "forget_err_m": 0.7376439682539395,
      "lr_test_forget_rate": 0.47250733137829914,
      "gmm_test_forget_rate": 0.5560850439882697,
      "lr_pseudo_agreement": 0.8244134897360704,
      "gmm_pseudo_agreement": 0.8038856304985337
    },
    {
      "epoch": 10,
      "gamma_t": 0.5,
      "pos_r": 0.023572356053437406,
      "anc": 0.04124611041002106,
      "div": 0.63595976397308,
      "norm": 0.18512079720957236,
      "pos_f": 0.1791532348993926,
      "forget_norm_ratio": 1.3772244241967304
    },
    {
      "epoch": 11,
      "gamma_t": 0.5,
      "pos_r": 0.02225506261034667,
      "anc": 0.040269159346993204,
      "div": 0.5982653366194831,
      "norm": 0.21949103413618098,
      "pos_f": 0.1735607654901973,
      "forget_norm_ratio": 1.4241110676678068
    },
    {
      "epoch": 12,
      "gamma_t": 0.5,
      "pos_r": 0.02188797292370371,
      "anc": 0.04025234709009092,
      "div": 0.5650684784727487,
      "norm": 0.256357614844166,
      "pos_f": 0.1681431654775352,
      "forget_norm_ratio": 1.4682179561600117,
      "self_mia": 0.8636197105697014,
      "retain_err_m": 0.16410887848930789,
      "forget_err_m": 0.7488463386075883,
      "lr_test_forget_rate": 0.4871700879765396,
      "gmm_test_forget_rate": 0.5054985337243402,
      "lr_pseudo_agreement": 0.8332111436950147,
      "gmm_pseudo_agreement": 0.8346774193548387
    }
  ]
}