{
  "config": {
    "n_cycles": 15,
    "max_steps_per_cycle": 1,
    "min_steps_per_cycle": 2,
    "lr_max": 2e-05,
    "lr_min": 5e-05,
    "max_grad_norm": 1.0,
    "retain_err_ceiling": 0.25,
    "batch_size": 64,
    "n_folds": 5,
    "seed": 42,
    "k_neighbours": 10,
    "start_from_exp07": true
  },
  "oof_retain": {
    "mean_m": 0.08965355652067664,
    "median_m": 0.07743002858887242,
    "p90_m": 0.1616453606606449,
    "n_samples": 6823
  },
  "oof_forget": {
    "mean_m": 0.4635745525866858,
    "median_m": 0.34514306829200214,
    "p90_m": 0.9350502653132756,
    "n_samples": 4095
  },
  "oof_lr_train_accuracy": 0.8788239604323136,
  "lr_test_forget_rate": 0.593108504398827,
  "gmm_test_forget_rate": 0.4974340175953079,
  "lr_gmm_agreement": 0.9043255131964809,
  "diag_lr_pseudo_agreement": 0.8233137829912024,
  "diag_gmm_pseudo_agreement": 0.8471407624633431
}