{
  "ckpt": "experiments/exp09_concept_erasure/model_best_knn.pth",
  "mia_train_self_accuracy": 0.7690969041949075,
  "retain": {
    "mean_m": 0.2430348059491218,
    "median_m": 0.21250495440055495,
    "p90_m": 0.43569984056610855,
    "n_samples": 6823
  },
  "forget": {
    "mean_m": 0.5779099699987705,
    "median_m": 0.475522717929841,
    "p90_m": 1.1323613164026185,
    "n_samples": 4095
  },
  "test": {
    "mean_m": 0.5134622304995227,
    "median_m": 0.3896374788539715,
    "p90_m": 1.0426830273238676,
    "n_samples": 2728
  },
  "gmm_test_forget_rate": 0.6411290322580645,
  "gmm_component_means_m": [
    0.5654060276187222,
    0.22134478781123265
  ],
  "agreement_with_direct_classifier": 0.7071114369501467
}