{
  "ckpt_in": "/Users/michelebanfi/code/ESIT-2/data/baseline_cnn_task2.pth",
  "variant": "none",
  "config": {
    "seed": 42,
    "batch_size": 64,
    "lr": 5e-05,
    "epochs": 20,
    "erase_idx": [
      14,
      18,
      21
    ],
    "anchor_idx": [
      14,
      18,
      21
    ],
    "beta_anchor": 1.0,
    "lambda_erase": 1.0,
    "erase_warmup_epochs": 2,
    "delta_forget_pos": 1.0,
    "k_neighbours": 10,
    "retain_err_guard_m": 0.25,
    "eval_every": 2,
    "probe_cv_folds": 3
  },
  "baseline_probe_auc": {
    "14": 0.9794840462130322,
    "18": 0.9848964606140518,
    "21": 0.9806156506543297
  },
  "best": {
    "self_mia": 0.7770653965927825,
    "retain_err_m": 0.12431509172168333,
    "forget_err_m": 0.26081757556429025,
    "gmm_test_forget_rate": 0.5777126099706745,
    "pseudo_agreement": 0.7778592375366569,
    "epoch": 4
  },
  "log": [
    {
      "epoch": 1,
      "lambda_t": 0.5,
      "probe_auc": {
        "14": 0.9794840462130322,
        "18": 0.9848964606140518,
        "21": 0.9806156506543297
      },
      "pos_r": 0.003501585796366484,
      "anc": 0.00664223072272916,
      "erase": 0.28293402283860924,
      "pos_f": 0.0
    },
    {
      "epoch": 2,
      "lambda_t": 1.0,
      "probe_auc": {
        "14": 0.9793974649806945,
        "18": 0.9833820638936474,
        "21": 0.9751492340765443
      },
      "pos_r": 0.005857117209932086,
      "anc": 0.03132367386259356,
      "erase": 0.2631475788633726,
      "pos_f": 0.0,
      "self_mia": 0.7754167429932222,
      "retain_err_m": 0.08725249394652547,
      "forget_err_m": 0.18088306425618397,
      "gmm_test_forget_rate": 0.6151026392961877,
      "pseudo_agreement": 0.7573313782991202
    },
    {
      "epoch": 3,
      "lambda_t": 1.0,
      "probe_auc": {
        "14": 0.9780774933070447,
        "18": 0.9798328075512105,
        "21": 0.9612293583180532
      },
      "pos_r": 0.008258714144559283,
      "anc": 0.05430468903821811,
      "erase": 0.2809617114171647,
      "pos_f": 0.0
    },
    {
      "epoch": 4,
      "lambda_t": 1.0,
      "probe_auc": {
        "14": 0.975759903014738,
        "18": 0.973937664776367,
        "21": 0.9458531790491547
      },
      "pos_r": 0.011014574624009822,
      "anc": 0.07508480821175186,
      "erase": 0.33498197558679077,
      "pos_f": 0.0,
      "self_mia": 0.7770653965927825,
      "retain_err_m": 0.12431509172168333,
      "forget_err_m": 0.26081757556429025,
      "gmm_test_forget_rate": 0.5777126099706745,
      "pseudo_agreement": 0.7778592375366569
    },
    {
      "epoch": 5,
      "lambda_t": 1.0,
      "probe_auc": {
        "14": 0.9724095912656904,
        "18": 0.9652502147611893,
        "21": 0.926160445062008
      },
      "pos_r": 0.013274801865067572,
      "anc": 0.09234837743273952,
      "erase": 0.3380085762306961,
      "pos_f": 0.0
    },
    {
      "epoch": 6,
      "lambda_t": 1.0,
      "probe_auc": {
        "14": 0.9688270986061006,
        "18": 0.9541465451407752,
        "21": 0.906351613303047
      },
      "pos_r": 0.01617983051123675,
      "anc": 0.10986250286039553,
      "erase": 0.37910144375255933,
      "pos_f": 0.0,
      "self_mia": 0.7712951089943213,
      "retain_err_m": 0.14919213556006156,
      "forget_err_m": 0.31343019542665784,
      "gmm_test_forget_rate": 0.6231671554252199,
      "pseudo_agreement": 0.7536656891495601
    },
    {
      "epoch": 7,
      "lambda_t": 1.0,
      "probe_auc": {
        "14": 0.9637341158352496,
        "18": 0.9424101648118581,
        "21": 0.8824935445609864
      },
      "pos_r": 0.017741543954314543,
      "anc": 0.1221543793615542,
      "erase": 0.3987503654775564,
      "pos_f": 0.0
    },
    {
      "epoch": 8,
      "lambda_t": 1.0,
      "probe_auc": {
        "14": 0.9568908015276424,
        "18": 0.9297160060931698,
        "21": 0.8622224768379194
      },
      "pos_r": 0.02180430163460517,
      "anc": 0.1400968543531602,
      "erase": 0.46341728859129006,
      "pos_f": 0.0,
      "self_mia": 0.7665323319289247,
      "retain_err_m": 0.17078659078748457,
      "forget_err_m": 0.35051737847717634,
      "gmm_test_forget_rate": 0.6195014662756598,
      "pseudo_agreement": 0.75
    },
    {
      "epoch": 9,
      "lambda_t": 1.0,
      "probe_auc": {
        "14": 0.9481417547640403,
        "18": 0.9154773989212796,
        "21": 0.8365226357732953
      },
      "pos_r": 0.022773781241249968,
      "anc": 0.14951897512751017,
      "erase": 0.4829969901090477,
      "pos_f": 0.0
    },
    {
      "epoch": 10,
      "lambda_t": 1.0,
      "probe_auc": {
        "14": 0.9388446085804665,
        "18": 0.9019917196794461,
        "21": 0.8180239222870785
      },
      "pos_r": 0.024597693202004098,
      "anc": 0.15971933767112376,
      "erase": 0.4676313802861331,
      "pos_f": 0.0,
      "self_mia": 0.7698296391280455,
      "retain_err_m": 0.18582022892875685,
      "forget_err_m": 0.38798451121976696,
      "gmm_test_forget_rate": 0.657258064516129,
      "pseudo_agreement": 0.7320381231671554
    },
    {
      "epoch": 11,
      "lambda_t": 1.0,
      "probe_auc": {
        "14": 0.9260234269335141,
        "18": 0.8869030411364488,
        "21": 0.8093177346996246
      },
      "pos_r": 0.0274653898780806,
      "anc": 0.17279489225114297,
      "erase": 0.5016123980109455,
      "pos_f": 0.0
    },
    {
      "epoch": 12,
      "lambda_t": 1.0,
      "probe_auc": {
        "14": 0.9057670464389128,
        "18": 0.8758966093168882,
        "21": 0.8045311926355737
      },
      "pos_r": 0.031128372550446388,
      "anc": 0.18851661316135473,
      "erase": 0.5580161718422907,
      "pos_f": 0.0,
      "self_mia": 0.7570067777981315,
      "retain_err_m": 0.21155349332784965,
      "forget_err_m": 0.42777833940891624,
      "gmm_test_forget_rate": 0.6851173020527859,
      "pseudo_agreement": 0.7107771260997068
    },
    {
      "epoch": 13,
      "lambda_t": 1.0,
      "probe_auc": {
        "14": 0.8803749609346756,
        "18": 0.8665702203741578,
        "21": 0.7934569115387348
      },
      "pos_r": 0.0345332343349157,
      "anc": 0.2018870456874022,
      "erase": 0.583652089736615,
      "pos_f": 0.0
    },
    {
      "epoch": 14,
      "lambda_t": 1.0,
      "probe_auc": {
        "14": 0.8521265174731497,
        "18": 0.8586883235396096,
        "21": 0.7915363108288389
      },
      "pos_r": 0.03882028183175458,
      "anc": 0.2164338648493527,
      "erase": 0.5960767270005934,
      "pos_f": 0.0,
      "self_mia": 0.7450082432679977,
      "retain_err_m": 0.24006488111951138,
      "forget_err_m": 0.4603131494588707,
      "gmm_test_forget_rate": 0.7122434017595308,
      "pseudo_agreement": 0.6843841642228738
    },
    {
      "epoch": 15,
      "lambda_t": 1.0,
      "probe_auc": {
        "14": 0.820086568959427,
        "18": 0.8519014124385693,
        "21": 0.7876457570133814
      },
      "pos_r": 0.04204375194440111,
      "anc": 0.23129384228360583,
      "erase": 0.5685917979095414,
      "pos_f": 0.0
    },
    {
      "epoch": 16,
      "lambda_t": 1.0,
      "probe_auc": {
        "14": 0.7967560684263401,
        "18": 0.8462173411675572,
        "21": 0.7864358289318133
      },
      "pos_r": 0.045445640337223196,
      "anc": 0.24477462705812955,
      "erase": 0.6197706962015197,
      "pos_f": 0.0,
      "self_mia": 0.748122366733834,
      "retain_err_m": 0.25477665031462937,
      "forget_err_m": 0.4968619850066665,
      "gmm_test_forget_rate": 0.7199413489736071,
      "pseudo_agreement": 0.6678885630498533
    },
    {
      "epoch": 17,
      "lambda_t": 1.0,
      "probe_auc": {
        "14": 0.7794818905706435,
        "18": 0.8410590452928589,
        "21": 0.7817284975326669
      },
      "pos_r": 0.049508572681344044,
      "anc": 0.2579579102365594,
      "erase": 0.6370157270055068,
      "pos_f": 0.0
    },
    {
      "epoch": 18,
      "lambda_t": 1.0,
      "probe_auc": {
        "14": 0.7747842397131736,