{
  "ckpt_in": "/Users/michelebanfi/code/ESIT-2/data/baseline_cnn_task2.pth",
  "variant": "knn",
  "config": {
    "seed": 42,
    "batch_size": 64,
    "lr": 5e-05,
    "epochs": 20,
    "erase_idx": [
      14,
      18,
      21
    ],
    "anchor_idx": [
      14,
      18,
      21
    ],
    "beta_anchor": 1.0,
    "lambda_erase": 1.0,
    "erase_warmup_epochs": 2,
    "delta_forget_pos": 1.0,
    "k_neighbours": 10,
    "retain_err_guard_m": 0.25,
    "eval_every": 2,
    "probe_cv_folds": 3
  },
  "baseline_probe_auc": {
    "14": 0.9794840462130322,
    "18": 0.9848964606140518,
    "21": 0.9806156506543297
  },
  "best": {
    "self_mia": 0.7690969041949075,
    "retain_err_m": 0.2430348059491218,
    "forget_err_m": 0.5779099699987705,
    "gmm_test_forget_rate": 0.6411290322580645,
    "pseudo_agreement": 0.7071114369501467,
    "epoch": 4
  },
  "log": [
    {
      "epoch": 1,
      "lambda_t": 0.5,
      "probe_auc": {
        "14": 0.9794840462130322,
        "18": 0.9848964606140518,
        "21": 0.9806156506543297
      },
      "pos_r": 0.03199755523233996,
      "anc": 0.01679224542834679,
      "erase": 0.2795135753109441,
      "pos_f": 0.561133326842771
    },
    {
      "epoch": 2,
      "lambda_t": 1.0,
      "probe_auc": {
        "14": 0.9790734704710755,
        "18": 0.9830241674502743,
        "21": 0.9740592081803481
      },
      "pos_r": 0.0372974892304829,
      "anc": 0.05318134713765473,
      "erase": 0.2770485034463001,
      "pos_f": 0.42290905658264605,
      "self_mia": 0.7464737131342737,
      "retain_err_m": 0.23395515033908482,
      "forget_err_m": 0.49675502450144027,
      "gmm_test_forget_rate": 0.717008797653959,
      "pseudo_agreement": 0.6678885630498533
    },
    {
      "epoch": 3,
      "lambda_t": 1.0,
      "probe_auc": {
        "14": 0.9782409422347952,
        "18": 0.9791442100188658,
        "21": 0.9591929197388329
      },
      "pos_r": 0.04015578599701151,
      "anc": 0.08040521821083381,
      "erase": 0.30325471749256927,
      "pos_f": 0.36797702809174854
    },
    {
      "epoch": 4,
      "lambda_t": 1.0,
      "probe_auc": {
        "14": 0.9761106434542022,
        "18": 0.9725261249618581,
        "21": 0.9378210708485288
      },
      "pos_r": 0.04520219968555615,
      "anc": 0.10409023333885516,
      "erase": 0.3450839423209603,
      "pos_f": 0.3362136254010842,
      "self_mia": 0.7690969041949075,
      "retain_err_m": 0.2430348059491218,
      "forget_err_m": 0.5779099699987705,
      "gmm_test_forget_rate": 0.6411290322580645,
      "pseudo_agreement": 0.7071114369501467
    },
    {
      "epoch": 5,
      "lambda_t": 1.0,
      "probe_auc": {
        "14": 0.9727147691371648,
        "18": 0.9634441499535877,
        "21": 0.9123030031116667
      },
      "pos_r": 0.048190675654083664,
      "anc": 0.12074239913657395,
      "erase": 0.3649358806031489,
      "pos_f": 0.32020076429634764
    },
    {
      "epoch": 6,
      "lambda_t": 1.0,
      "probe_auc": {
        "14": 0.9687927990300341,
        "18": 0.9532530489539391,
        "21": 0.8894373109212044
      },
      "pos_r": 0.049681964510104114,
      "anc": 0.13176369396915213,
      "erase": 0.3815314523135012,
      "pos_f": 0.31162647532615045,
      "self_mia": 0.7648836783293643,
      "retain_err_m": 0.26345692199806653,
      "forget_err_m": 0.6118796248520136,
      "gmm_test_forget_rate": 0.6209677419354839,
      "pseudo_agreement": 0.7060117302052786
    },
    {
      "epoch": 7,
      "lambda_t": 1.0,
      "probe_auc": {
        "14": 0.9643281347761037,
        "18": 0.9399067540578168,
        "21": 0.8664905625740675
      },
      "pos_r": 0.05650008706190781,
      "anc": 0.1476443864797291,
      "erase": 0.4326281344507173,
      "pos_f": 0.3095526692637226
    },
    {
      "epoch": 8,
      "lambda_t": 1.0,
      "probe_auc": {
        "14": 0.9591238912236332,
        "18": 0.9255918722553301,
        "21": 0.8514724908426089
      },
      "pos_r": 0.053607458128915195,
      "anc": 0.15504807216382166,
      "erase": 0.4688099400516142,
      "pos_f": 0.297561198560118,
      "self_mia": 0.7675398424619894,
      "retain_err_m": 0.27071184126773234,
      "forget_err_m": 0.6378803659461326,
      "gmm_test_forget_rate": 0.591275659824047,
      "pseudo_agreement": 0.719574780058651
    },
    {
      "epoch": 9,
      "lambda_t": 1.0,
      "probe_auc": {
        "14": 0.9513638223357844,
        "18": 0.9081283910746057,
        "21": 0.8301038427274617
      },
      "pos_r": 0.05611043168525947,
      "anc": 0.16478948556540304,
      "erase": 0.48714087563648556,
      "pos_f": 0.29447165985553586
    },
    {
      "epoch": 10,
      "lambda_t": 1.0,
      "probe_auc": {
        "14": 0.9448149931260489,
        "18": 0.8920999652192786,
        "21": 0.8152618549327064
      },
      "pos_r": 0.059501688578846856,
      "anc": 0.175876054673167,
      "erase": 0.4825671626287594,
      "pos_f": 0.293151167923944,
      "self_mia": 0.762502289796666,
      "retain_err_m": 0.28348002244174214,
      "forget_err_m": 0.6518548774628474,
      "gmm_test_forget_rate": 0.6645894428152492,
      "pseudo_agreement": 0.6814516129032258
    },
    {
      "epoch": 11,
      "lambda_t": 1.0,
      "probe_auc": {
        "14": 0.9366716876797193,
        "18": 0.8752469787486169,
        "21": 0.8064425034127839
      },
      "pos_r": 0.06036022701981472,
      "anc": 0.18336211554488244,
      "erase": 0.47113649974092403,
      "pos_f": 0.292888768757993
    },
    {
      "epoch": 12,
      "lambda_t": 1.0,
      "probe_auc": {
        "14": 0.9252818057058251,
        "18": 0.8586682124869953,
        "21": 0.7955223621463872
      },
      "pos_r": 0.06246464366191312,
      "anc": 0.19081080064438938,
      "erase": 0.49654407807958056,
      "pos_f": 0.2897540842406234,
      "self_mia": 0.7598461256640411,
      "retain_err_m": 0.3006958695854204,
      "forget_err_m": 0.6739711900825308,
      "gmm_test_forget_rate": 0.6700879765395894,
      "pseudo_agreement": 0.6759530791788856
    },
    {
      "epoch": 13,
      "lambda_t": 1.0,
      "probe_auc": {
        "14": 0.9120337059684097,
        "18": 0.8536097647432855,
        "21": 0.7860101136574215
      },
      "pos_r": 0.06701611675191343,
      "anc": 0.20175139266147948,
      "erase": 0.5463653878684629,
      "pos_f": 0.28884088644507333
    },
    {
      "epoch": 14,
      "lambda_t": 1.0,
      "probe_auc": {
        "14": 0.8923657926926216,
        "18": 0.8439164248519696,
        "21": 0.775461747608461
      },
      "pos_r": 0.06590573324097528,
      "anc": 0.20625469097268512,
      "erase": 0.5363618782912082,
      "pos_f": 0.28822158834739037,
      "self_mia": 0.7569151859314893,
      "retain_err_m": 0.31117952319012204,
      "forget_err_m": 0.6870689357145481,
      "gmm_test_forget_rate": 0.658724340175953,
      "pseudo_agreement": 0.6763196480938416
    },
    {
      "epoch": 15,
      "lambda_t": 1.0,
      "probe_auc": {
        "14": 0.8733285144220805,
        "18": 0.8376827264904042,
        "21": 0.7721401269748279
      },
      "pos_r": 0.07052155732237107,
      "anc": 0.2153438440366098,
      "erase": 0.5471399887437709,
      "pos_f": 0.28680123698118837
    },
    {
      "epoch": 16,
      "lambda_t": 1.0,
      "probe_auc": {
        "14": 0.8492710257473516,
        "18": 0.8343994858688819,
        "21": 0.7587356846082814
      },
      "pos_r": 0.07221681215086875,
      "anc": 0.22215929679703295,
      "erase": 0.554919456093632,
      "pos_f": 0.2858825858399185,
      "self_mia": 0.7522440007327349,
      "retain_err_m": 0.31856072563524535,
      "forget_err_m": 0.6844199766188886,
      "gmm_test_forget_rate": 0.6642228739002932,
      "pseudo_agreement": 0.6649560117302052
    },
    {
      "epoch": 17,
      "lambda_t": 1.0,
      "probe_auc": {
        "14": 0.8327713527791234,
        "18": 0.836567848799343,
        "21": 0.7581035113116646
      },