{
  "ckpt_in": "/Users/michelebanfi/code/ESIT-2/data/baseline_cnn_task2.pth",
  "variant": "knn",
  "run_tag": "knn_b1.5",
  "select_on": "lr_pseudo_agreement",
  "config": {
    "seed": 42,
    "batch_size": 64,
    "probe_relu_idx": [
      2,
      6,
      10,
      14,
      18,
      21
    ],
    "fisher_batch_size": 64,
    "ssd_alphas": [
      1.0,
      2.0,
      5.0,
      10.0
    ],
    "ssd_lambdas": [
      0.1,
      0.5,
      1.0
    ],
    "ssd_exclude_bn": true,
    "ssd_exclude_head": false,
    "retain_err_guard_m": 0.25,
    "gmm_rate_range": [
      0.4,
      0.6
    ],
    "div_bn_idx": [
      13,
      17,
      20
    ],
    "anchor_relu_idx": [
      14,
      18,
      21
    ],
    "lr": 5e-05,
    "epochs": 12,
    "beta_anchor": 1.5,
    "gamma_diverge": 0.5,
    "gamma_warmup_epochs": 2,
    "cos_margin": 0.0,
    "norm_keep_weight": 0.1,
    "delta_forget_pos": 1.0,
    "k_neighbours": 10,
    "eval_every": 3
  },
  "best": {
    "self_mia": 0.8635281187030591,
    "retain_err_m": 0.16032396198596022,
    "forget_err_m": 0.7454404819115059,
    "lr_test_forget_rate": 0.49193548387096775,
    "gmm_test_forget_rate": 0.4963343108504399,
    "lr_pseudo_agreement": 0.8379765395894428,
    "gmm_pseudo_agreement": 0.8401759530791789,
    "epoch": 12
  },
  "log": [
    {
      "epoch": 1,
      "gamma_t": 0.25,
      "pos_r": 0.029376137759318653,
      "anc": 0.018366889808308577,
      "div": 0.9826120235766583,
      "norm": 0.002204944228768595,
      "pos_f": 0.47129714462840766,
      "forget_norm_ratio": 1.0137762213543378
    },
    {
      "epoch": 2,
      "gamma_t": 0.5,
      "pos_r": 0.03148909324878141,
      "anc": 0.02687422741661992,
      "div": 0.9545787422977693,
      "norm": 0.006689289414558058,
      "pos_f": 0.32549570256855054,
      "forget_norm_ratio": 1.041463320250632
    },
    {
      "epoch": 3,
      "gamma_t": 0.5,
      "pos_r": 0.03033159000592099,
      "anc": 0.026208375411772587,
      "div": 0.9248049454382289,
      "norm": 0.012026928858123502,
      "pos_f": 0.2819806601830393,
      "forget_norm_ratio": 1.0680749615033467,
      "self_mia": 0.8005129144531966,
      "retain_err_m": 0.21095345881001715,
      "forget_err_m": 0.6613367159177901,
      "lr_test_forget_rate": 0.4604105571847507,
      "gmm_test_forget_rate": 0.6048387096774194,
      "lr_pseudo_agreement": 0.7969208211143695,
      "gmm_pseudo_agreement": 0.7543988269794721
    },
    {
      "epoch": 4,
      "gamma_t": 0.5,
      "pos_r": 0.02976907559327389,
      "anc": 0.02659613927771822,
      "div": 0.8921141248000296,
      "norm": 0.023473081837969218,
      "pos_f": 0.254684152397496,
      "forget_norm_ratio": 1.0996643824186938
    },
    {
      "epoch": 5,
      "gamma_t": 0.5,
      "pos_r": 0.02754667990062146,
      "anc": 0.025433046470957194,
      "div": 0.8605730557999416,
      "norm": 0.04040803678595183,
      "pos_f": 0.23752975533580223,
      "forget_norm_ratio": 1.1334567509199445
    },
    {
      "epoch": 6,
      "gamma_t": 0.5,
      "pos_r": 0.026000947996494713,
      "anc": 0.025408727394645673,
      "div": 0.8286257480320177,
      "norm": 0.060855602616803686,
      "pos_f": 0.2239946704248936,
      "forget_norm_ratio": 1.1669056115791812,
      "self_mia": 0.8313793735116322,
      "retain_err_m": 0.19111123527779114,
      "forget_err_m": 0.6792930617784806,
      "lr_test_forget_rate": 0.4714076246334311,
      "gmm_test_forget_rate": 0.501099706744868,
      "lr_pseudo_agreement": 0.8101173020527859,
      "gmm_pseudo_agreement": 0.8126832844574781
    },
    {
      "epoch": 7,
      "gamma_t": 0.5,
      "pos_r": 0.024913213635135812,
      "anc": 0.025205453400287712,
      "div": 0.7976965301218089,
      "norm": 0.08496016688775598,
      "pos_f": 0.2122906199411342,
      "forget_norm_ratio": 1.2052100759733024
    },
    {
      "epoch": 8,
      "gamma_t": 0.5,
      "pos_r": 0.023863070818720855,
      "anc": 0.025563503784394405,
      "div": 0.7668909040110851,
      "norm": 0.10938071821168152,
      "pos_f": 0.19891082521593362,
      "forget_norm_ratio": 1.2400919982099625
    },
    {
      "epoch": 9,
      "gamma_t": 0.5,
      "pos_r": 0.02248145679654608,
      "anc": 0.02523971299983953,
      "div": 0.7389263876697474,
      "norm": 0.1310479555997932,
      "pos_f": 0.19208953834590856,
      "forget_norm_ratio": 1.2715845098737155,
      "self_mia": 0.8485986444403737,
      "retain_err_m": 0.1809662239633388,
      "forget_err_m": 0.7286353699083197,
      "lr_test_forget_rate": 0.47287390029325516,
      "gmm_test_forget_rate": 0.5278592375366569,
      "lr_pseudo_agreement": 0.8269794721407625,
      "gmm_pseudo_agreement": 0.8159824046920822
    },
    {
      "epoch": 10,
      "gamma_t": 0.5,
      "pos_r": 0.022442555294660795,
      "anc": 0.02537571597430441,
      "div": 0.7124861768114636,
      "norm": 0.15240279593837192,
      "pos_f": 0.18377456674624604,
      "forget_norm_ratio": 1.3018283978772676
    },
    {
      "epoch": 11,
      "gamma_t": 0.5,
      "pos_r": 0.021280851171553483,
      "anc": 0.024844742113212397,
      "div": 0.6888129069791202,
      "norm": 0.17156871268798035,
      "pos_f": 0.17719034053254545,
      "forget_norm_ratio": 1.3283722342571087
    },
    {
      "epoch": 12,
      "gamma_t": 0.5,
      "pos_r": 0.02079511723584599,
      "anc": 0.024942654582579233,
      "div": 0.6654429878407752,
      "norm": 0.19052437270245356,
      "pos_f": 0.17138321309933188,
      "forget_norm_ratio": 1.3554217508661817,
      "self_mia": 0.8635281187030591,
      "retain_err_m": 0.16032396198596022,
      "forget_err_m": 0.7454404819115059,
      "lr_test_forget_rate": 0.49193548387096775,
      "gmm_test_forget_rate": 0.4963343108504399,
      "lr_pseudo_agreement": 0.8379765395894428,
      "gmm_pseudo_agreement": 0.8401759530791789
    }
  ]
}