{
  "ckpt_in": "/Users/michelebanfi/code/ESIT-2/data/baseline_cnn_task2.pth",
  "variant": "knn",
  "run_tag": "knn_b0.5",
  "select_on": "lr_pseudo_agreement",
  "config": {
    "seed": 42,
    "batch_size": 64,
    "probe_relu_idx": [
      2,
      6,
      10,
      14,
      18,
      21
    ],
    "fisher_batch_size": 64,
    "ssd_alphas": [
      1.0,
      2.0,
      5.0,
      10.0
    ],
    "ssd_lambdas": [
      0.1,
      0.5,
      1.0
    ],
    "ssd_exclude_bn": true,
    "ssd_exclude_head": false,
    "retain_err_guard_m": 0.25,
    "gmm_rate_range": [
      0.4,
      0.6
    ],
    "div_bn_idx": [
      13,
      17,
      20
    ],
    "anchor_relu_idx": [
      14,
      18,
      21
    ],
    "lr": 5e-05,
    "epochs": 12,
    "beta_anchor": 0.5,
    "gamma_diverge": 0.5,
    "gamma_warmup_epochs": 2,
    "cos_margin": 0.0,
    "norm_keep_weight": 0.1,
    "delta_forget_pos": 1.0,
    "k_neighbours": 10,
    "eval_every": 3
  },
  "best": {
    "self_mia": 0.8595896684374428,
    "retain_err_m": 0.17570581070185706,
    "forget_err_m": 0.7598778208744629,
    "lr_test_forget_rate": 0.4776392961876833,
    "gmm_test_forget_rate": 0.5058651026392962,
    "lr_pseudo_agreement": 0.8273460410557185,
    "gmm_pseudo_agreement": 0.8255131964809385,
    "epoch": 12
  },
  "log": [
    {
      "epoch": 1,
      "gamma_t": 0.25,
      "pos_r": 0.033445112023241165,
      "anc": 0.037065601440051936,
      "div": 0.9699296229764035,
      "norm": 0.0048623548094763585,
      "pos_f": 0.4531724524428273,
      "forget_norm_ratio": 1.0330098309712104
    },
    {
      "epoch": 2,
      "gamma_t": 0.5,
      "pos_r": 0.03668598439653366,
      "anc": 0.06748243467065326,
      "div": 0.9220546818616098,
      "norm": 0.01664608043798229,
      "pos_f": 0.30424871321832925,
      "forget_norm_ratio": 1.0753631027121293
    },
    {
      "epoch": 3,
      "gamma_t": 0.5,
      "pos_r": 0.03529485910913052,
      "anc": 0.07278824022464585,
      "div": 0.8802298547928793,
      "norm": 0.02463686589848751,
      "pos_f": 0.2631546031051909,
      "forget_norm_ratio": 1.1042023365028188,
      "self_mia": 0.8035354460523906,
      "retain_err_m": 0.22571317927245257,
      "forget_err_m": 0.6948234960515351,
      "lr_test_forget_rate": 0.4439149560117302,
      "gmm_test_forget_rate": 0.6033724340175953,
      "lr_pseudo_agreement": 0.7892228739002932,
      "gmm_pseudo_agreement": 0.7543988269794721
    },
    {
      "epoch": 4,
      "gamma_t": 0.5,
      "pos_r": 0.03495025744781508,
      "anc": 0.07771889146482736,
      "div": 0.8338197776448657,
      "norm": 0.040133144880770244,
      "pos_f": 0.2374180715683608,
      "forget_norm_ratio": 1.1423770864339833
    },
    {
      "epoch": 5,
      "gamma_t": 0.5,
      "pos_r": 0.03242963080822724,
      "anc": 0.07919763730109086,
      "div": 0.7851714742811102,
      "norm": 0.06112469480051632,
      "pos_f": 0.22160082371437062,
      "forget_norm_ratio": 1.185146789104618
    },
    {
      "epoch": 6,
      "gamma_t": 0.5,
      "pos_r": 0.030685043147607158,
      "anc": 0.08189405143609521,
      "div": 0.7323738249421817,
      "norm": 0.08982628810475445,
      "pos_f": 0.20941189253887935,
      "forget_norm_ratio": 1.2372824125587358,
      "self_mia": 0.8310130060450632,
      "retain_err_m": 0.204887441657657,
      "forget_err_m": 0.7068081348487455,
      "lr_test_forget_rate": 0.4530791788856305,
      "gmm_test_forget_rate": 0.5230938416422287,
      "lr_pseudo_agreement": 0.8057184750733137,
      "gmm_pseudo_agreement": 0.8082844574780058
    },
    {
      "epoch": 7,
      "gamma_t": 0.5,
      "pos_r": 0.029181915362588844,
      "anc": 0.08185507862540016,
      "div": 0.6814214116648624,
      "norm": 0.1274550369347048,
      "pos_f": 0.19895848209223552,
      "forget_norm_ratio": 1.3003472347705685
    },
    {
      "epoch": 8,
      "gamma_t": 0.5,
      "pos_r": 0.027970635588144697,
      "anc": 0.08260826230571981,
      "div": 0.631158319133067,
      "norm": 0.16884058408918437,
      "pos_f": 0.1880750117159029,
      "forget_norm_ratio": 1.358921592928048
    },
    {
      "epoch": 9,
      "gamma_t": 0.5,
      "pos_r": 0.02620728268718336,
      "anc": 0.08071033042251018,
      "div": 0.5891433772985001,
      "norm": 0.2075525748799419,
      "pos_f": 0.1823926455183336,
      "forget_norm_ratio": 1.4092113532518085,
      "self_mia": 0.8489650119069426,
      "retain_err_m": 0.19374481243510244,
      "forget_err_m": 0.7503966938154591,
      "lr_test_forget_rate": 0.46187683284457476,
      "gmm_test_forget_rate": 0.5692815249266863,
      "lr_pseudo_agreement": 0.8196480938416423,
      "gmm_pseudo_agreement": 0.8002199413489736
    },
    {
      "epoch": 10,
      "gamma_t": 0.5,
      "pos_r": 0.026221482889258373,
      "anc": 0.08048527574504329,
      "div": 0.5527550497947381,
      "norm": 0.2435778982458059,
      "pos_f": 0.17505708781250737,
      "forget_norm_ratio": 1.4505488765634755
    },
    {
      "epoch": 11,
      "gamma_t": 0.5,
      "pos_r": 0.024789380459714006,
      "anc": 0.07898333803777806,
      "div": 0.5234483562366307,
      "norm": 0.27235762809800823,
      "pos_f": 0.1699514276407964,
      "forget_norm_ratio": 1.4816606130748697
    },
    {
      "epoch": 12,
      "gamma_t": 0.5,
      "pos_r": 0.024434575914508767,
      "anc": 0.07905433427172097,
      "div": 0.49932614770549083,
      "norm": 0.29860525992181564,
      "pos_f": 0.16441800118538372,
      "forget_norm_ratio": 1.5076690175612302,
      "self_mia": 0.8595896684374428,
      "retain_err_m": 0.17570581070185706,
      "forget_err_m": 0.7598778208744629,
      "lr_test_forget_rate": 0.4776392961876833,
      "gmm_test_forget_rate": 0.5058651026392962,
      "lr_pseudo_agreement": 0.8273460410557185,
      "gmm_pseudo_agreement": 0.8255131964809385
    }
  ]
}