{
  "ckpt_in": "/Users/michelebanfi/code/ESIT-2/data/baseline_cnn_task2.pth",
  "variant": "knn",
  "run_tag": "knn_b4",
  "select_on": "lr_pseudo_agreement",
  "config": {
    "seed": 42,
    "batch_size": 64,
    "probe_relu_idx": [
      2,
      6,
      10,
      14,
      18,
      21
    ],
    "fisher_batch_size": 64,
    "ssd_alphas": [
      1.0,
      2.0,
      5.0,
      10.0
    ],
    "ssd_lambdas": [
      0.1,
      0.5,
      1.0
    ],
    "ssd_exclude_bn": true,
    "ssd_exclude_head": false,
    "retain_err_guard_m": 0.25,
    "gmm_rate_range": [
      0.4,
      0.6
    ],
    "div_bn_idx": [
      13,
      17,
      20
    ],
    "anchor_relu_idx": [
      14,
      18,
      21
    ],
    "lr": 5e-05,
    "epochs": 30,
    "beta_anchor": 4.0,
    "gamma_diverge": 0.5,
    "gamma_warmup_epochs": 2,
    "cos_margin": 0.0,
    "norm_keep_weight": 0.1,
    "delta_forget_pos": 1.0,
    "k_neighbours": 10,
    "eval_every": 3
  },
  "best": {
    "self_mia": 0.8802894302985895,
    "retain_err_m": 0.13769400374949536,
    "forget_err_m": 0.7671330869153017,
    "lr_test_forget_rate": 0.5168621700879765,
    "gmm_test_forget_rate": 0.500733137829912,
    "lr_pseudo_agreement": 0.842375366568915,
    "gmm_pseudo_agreement": 0.841642228739003,
    "epoch": 27
  },
  "log": [
    {
      "epoch": 1,
      "gamma_t": 0.25,
      "pos_r": 0.026490197133011463,
      "anc": 0.007708281876089743,
      "div": 0.9909493233028212,
      "norm": 0.0010939315906669659,
      "pos_f": 0.49661372540987025,
      "forget_norm_ratio": 1.0051212041233948
    },
    {
      "epoch": 2,
      "gamma_t": 0.5,
      "pos_r": 0.02876877405664377,
      "anc": 0.010324342421403057,
      "div": 0.9695118700551708,
      "norm": 0.00399884373175623,
      "pos_f": 0.3546051922423101,
      "forget_norm_ratio": 1.0294167650373358
    },
    {
      "epoch": 3,
      "gamma_t": 0.5,
      "pos_r": 0.02848268595486008,
      "anc": 0.009986554517557747,
      "div": 0.9404655963356732,
      "norm": 0.009666569076195272,
      "pos_f": 0.3070722703783833,
      "forget_norm_ratio": 1.0570212651414481,
      "self_mia": 0.7929107895218904,
      "retain_err_m": 0.20683581467993967,
      "forget_err_m": 0.6305650740012685,
      "lr_test_forget_rate": 0.46114369501466274,
      "gmm_test_forget_rate": 0.6180351906158358,
      "lr_pseudo_agreement": 0.7939882697947214,
      "gmm_pseudo_agreement": 0.7478005865102639
    },
    {
      "epoch": 4,
      "gamma_t": 0.5,
      "pos_r": 0.02823065557348275,
      "anc": 0.01014510785060668,
      "div": 0.9101971750370941,
      "norm": 0.021974184452310988,
      "pos_f": 0.27774653082702594,
      "forget_norm_ratio": 1.0895800317472417
    },
    {
      "epoch": 5,
      "gamma_t": 0.5,
      "pos_r": 0.026318275718268943,
      "anc": 0.009641618369833418,
      "div": 0.8825922019300405,
      "norm": 0.04006285897908155,
      "pos_f": 0.2592542970563933,
      "forget_norm_ratio": 1.1220572746520385
    },
    {
      "epoch": 6,
      "gamma_t": 0.5,
      "pos_r": 0.024970367447369628,
      "anc": 0.009601280341001108,
      "div": 0.8572366453750789,
      "norm": 0.061445218603513395,
      "pos_f": 0.24492881303293662,
      "forget_norm_ratio": 1.1527302341851575,
      "self_mia": 0.8263418208463088,
      "retain_err_m": 0.18790845706747583,
      "forget_err_m": 0.6564781045178215,
      "lr_test_forget_rate": 0.4780058651026393,
      "gmm_test_forget_rate": 0.532258064516129,
      "lr_pseudo_agreement": 0.8064516129032258,
      "gmm_pseudo_agreement": 0.8071847507331378
    },
    {
      "epoch": 7,
      "gamma_t": 0.5,
      "pos_r": 0.023897420647635795,
      "anc": 0.009519842077504125,
      "div": 0.8345420670788191,
      "norm": 0.08416229381895902,
      "pos_f": 0.23232186197885993,
      "forget_norm_ratio": 1.1838668619680126
    },
    {
      "epoch": 8,
      "gamma_t": 0.5,
      "pos_r": 0.022886216831093993,
      "anc": 0.009671672467926615,
      "div": 0.81331768893359,
      "norm": 0.10601479568850924,
      "pos_f": 0.21748040555513393,
      "forget_norm_ratio": 1.2107174159490575
    },
    {
      "epoch": 9,
      "gamma_t": 0.5,
      "pos_r": 0.021595576903319848,
      "anc": 0.00956693998870184,
      "div": 0.794598488779793,
      "norm": 0.12245736040218531,
      "pos_f": 0.20997904402296447,
      "forget_norm_ratio": 1.2328411008414701,
      "self_mia": 0.8402637845759297,
      "retain_err_m": 0.18049266914186618,
      "forget_err_m": 0.7006376494462448,
      "lr_test_forget_rate": 0.48203812316715544,
      "gmm_test_forget_rate": 0.5403225806451613,
      "lr_pseudo_agreement": 0.8214809384164223,
      "gmm_pseudo_agreement": 0.8108504398826979
    },
    {
      "epoch": 10,
      "gamma_t": 0.5,
      "pos_r": 0.021620252115205366,
      "anc": 0.009737050272415431,
      "div": 0.7765826502738641,
      "norm": 0.13615236348576015,
      "pos_f": 0.20044642739128649,
      "forget_norm_ratio": 1.2531100585911474
    },
    {
      "epoch": 11,
      "gamma_t": 0.5,
      "pos_r": 0.020514875323626034,
      "anc": 0.009558233693895633,
      "div": 0.7608461400918793,
      "norm": 0.1470719058698381,
      "pos_f": 0.1932713975857573,
      "forget_norm_ratio": 1.2702034597973144
    },
    {
      "epoch": 12,
      "gamma_t": 0.5,
      "pos_r": 0.019999311441740796,
      "anc": 0.009638303122891668,
      "div": 0.7460251872302496,
      "norm": 0.15670652635264815,
      "pos_f": 0.18677252679191836,
      "forget_norm_ratio": 1.2867088840718854,
      "self_mia": 0.8642608536361971,
      "retain_err_m": 0.1572473939547843,
      "forget_err_m": 0.7272045206308689,
      "lr_test_forget_rate": 0.5043988269794721,
      "gmm_test_forget_rate": 0.5278592375366569,
      "lr_pseudo_agreement": 0.8409090909090909,
      "gmm_pseudo_agreement": 0.8401759530791789
    },
    {
      "epoch": 13,
      "gamma_t": 0.5,
      "pos_r": 0.01977598612681467,
      "anc": 0.009589110985834,
      "div": 0.7328185041745504,
      "norm": 0.16388231197818678,
      "pos_f": 0.1808966023095867,
      "forget_norm_ratio": 1.2994720554723609
    },
    {
      "epoch": 14,
      "gamma_t": 0.5,
      "pos_r": 0.01917254726527727,
      "anc": 0.009495561071045218,
      "div": 0.720658452538719,
      "norm": 0.1706857962740792,
      "pos_f": 0.17495866838777274,
      "forget_norm_ratio": 1.3113941788441024
    },
    {
      "epoch": 15,
      "gamma_t": 0.5,
      "pos_r": 0.018614159668223898,
      "anc": 0.00940897996531941,
      "div": 0.7096724632190682,
      "norm": 0.17759074967855598,
      "pos_f": 0.1706890334859926,
      "forget_norm_ratio": 1.3224322277667695,
      "self_mia": 0.8592233009708737,
      "retain_err_m": 0.16065325000333064,
      "forget_err_m": 0.7384295029425904,
      "lr_test_forget_rate": 0.4967008797653959,
      "gmm_test_forget_rate": 0.4838709677419355,
      "lr_pseudo_agreement": 0.8324780058651027,
      "gmm_pseudo_agreement": 0.8321114369501467
    },
    {
      "epoch": 16,
      "gamma_t": 0.5,
      "pos_r": 0.018182643716446838,
      "anc": 0.009408136467552848,
      "div": 0.6993855774751183,
      "norm": 0.18524927990129816,
      "pos_f": 0.16646210766500896,
      "forget_norm_ratio": 1.3334273852800067
    },
    {
      "epoch": 17,
      "gamma_t": 0.5,
      "pos_r": 0.01803120241462313,
      "anc": 0.009327090625809125,
      "div": 0.6905737731888978,
      "norm": 0.19121015777713374,
      "pos_f": 0.1627357006072998,
      "forget_norm_ratio": 1.3420531602166084
    },
    {
      "epoch": 18,
      "gamma_t": 0.5,
      "pos_r": 0.017534191981611543,
      "anc": 0.009362324791802474,
      "div": 0.682271569095857,
      "norm": 0.19713390056501356,
      "pos_f": 0.15856066285169612,
      "forget_norm_ratio": 1.3497122286820737,
      "self_mia": 0.8726873053672833,
      "retain_err_m": 0.15031185858277835,
      "forget_err_m": 0.7593271806472472,