{
  "config": {
    "lr": 0.0001,
    "epochs": 50,
    "batch_size": 64,
    "val_frac": 0.1,
    "seed": 42
  },
  "mia_train_self_accuracy": 0.7888807473896318,
  "retain": {
    "mean_m": 0.024511195719242096,
    "median_m": 0.022341452538967133,
    "p90_m": 0.041940562427043915,
    "n_samples": 6823
  },
  "forget": {
    "mean_m": 0.06081530079245567,
    "median_m": 0.05412472411990166,
    "p90_m": 0.10850735753774643,
    "n_samples": 4095
  },
  "all_train": {
    "mean_m": 0.03812772408127785,
    "median_m": 0.02921377122402191,
    "p90_m": 0.07947707176208496,
    "n_samples": 10918
  },
  "test": {
    "mean_m": 0.2944301698625473,
    "median_m": 0.2261281448810537,
    "p90_m": 0.6170554213064705,
    "n_samples": 2728
  }
}